<?xml version="1.0" encoding="UTF-8"?>
<project-private xmlns="http://www.netbeans.org/ns/project-private/1">
    <editor-bookmarks xmlns="http://www.netbeans.org/ns/editor-bookmarks/2" lastBookmarkId="0"/>
    <open-files xmlns="http://www.netbeans.org/ns/projectui-open-files/2">
        <group>
            <file>file:/Users/david/Ocasi-nCar/src/grafico/administrador/VentanaVenta.java</file>
            <file>file:/Users/david/Ocasi-nCar/src/grafico/administrador/AltaTurismo.java</file>
            <file>file:/Users/david/Ocasi-nCar/src/modelo/Turismo.java</file>
            <file>file:/Users/david/Ocasi-nCar/src/grafico/administrador/BajaVehiculo.java</file>
            <file>file:/Users/david/Ocasi-nCar/src/modelo/Venta.java</file>
            <file>file:/Users/david/Ocasi-nCar/src/modelo/Cliente.java</file>
            <file>file:/Users/david/Ocasi-nCar/src/grafico/administrador/AltaMotocicleta.java</file>
            <file>file:/Users/david/Ocasi-nCar/src/grafico/administrador/AltaTodoterreno.java</file>
            <file>file:/Users/david/Ocasi-nCar/src/modelo/Motocicleta.java</file>
            <file>file:/Users/david/Ocasi-nCar/src/modelo/Vehiculo.java</file>
            <file>file:/Users/david/Ocasi-nCar/src/grafico/administrador/Administrador.java</file>
            <file>file:/Users/david/Ocasi-nCar/src/grafico/administrador/BajaCliente.java</file>
            <file>file:/Users/david/Ocasi-nCar/src/modelo/Automovil.java</file>
            <file>file:/Users/david/Ocasi-nCar/src/grafico/administrador/AltaVehiculo.java</file>
            <file>file:/Users/david/Ocasi-nCar/src/grafico/Menu.java</file>
            <file>file:/Users/david/Ocasi-nCar/src/grafico/BuscaVehiculo.java</file>
            <file>file:/Users/david/Ocasi-nCar/src/grafico/logo.png</file>
            <file>file:/Users/david/Ocasi-nCar/src/modelo/Empresa.java</file>
            <file>file:/Users/david/Ocasi-nCar/src/modelo/Todoterreno.java</file>
            <file>file:/Users/david/Ocasi-nCar/src/grafico/administrador/Altausuario.java</file>
            <file>file:/Users/david/Ocasi-nCar/src/grafico/administrador/Consulta.java</file>
        </group>
    </open-files>
</project-private>
